{"text": "Sorry, I couldn't understand that.", "emotions": {"sadness": 0.9947093725204468, "joy": 0.0006305372808128595, "love": 0.00020292919361963868, "anger": 0.003660250920802355, "fear": 0.0006508285296149552, "surprise": 0.00014612622908316553}}
{"text": "Sorry, I couldn't understand that.", "emotions": {"sadness": 0.9947093725204468, "joy": 0.0006305372808128595, "love": 0.00020292919361963868, "anger": 0.003660250920802355, "fear": 0.0006508285296149552, "surprise": 0.00014612622908316553}}
{"text": "Sorry, I couldn't understand that.", "emotions": {"sadness": 0.9947093725204468, "joy": 0.0006305372808128595, "love": 0.00020292919361963868, "anger": 0.003660250920802355, "fear": 0.0006508285296149552, "surprise": 0.00014612622908316553}}
{"text": "hello", "emotions": {"sadness": 0.012129941955208778, "joy": 0.8144769072532654, "love": 0.012379161082208157, "anger": 0.12703663110733032, "fear": 0.028127839788794518, "surprise": 0.005849518347531557}}
{"text": "Sorry, I couldn't understand that.", "emotions": {"sadness": 0.9947093725204468, "joy": 0.0006305372808128595, "love": 0.00020292919361963868, "anger": 0.003660250920802355, "fear": 0.0006508285296149552, "surprise": 0.00014612622908316553}}
{"text": "Sorry, I couldn't understand that.", "emotions": {"sadness": 0.9947093725204468, "joy": 0.0006305372808128595, "love": 0.00020292919361963868, "anger": 0.003660250920802355, "fear": 0.0006508285296149552, "surprise": 0.00014612622908316553}}
{"text": "Sorry, I couldn't understand that.", "emotions": {"sadness": 0.9947093725204468, "joy": 0.0006305372808128595, "love": 0.00020292919361963868, "anger": 0.003660250920802355, "fear": 0.0006508285296149552, "surprise": 0.00014612622908316553}}
{"text": "Sorry, I couldn't understand that.", "emotions": {"sadness": 0.9947093725204468, "joy": 0.0006305372808128595, "love": 0.00020292919361963868, "anger": 0.003660250920802355, "fear": 0.0006508285296149552, "surprise": 0.00014612622908316553}}
{"text": "Sorry, I couldn't understand that.", "emotions": {"sadness": 0.9947093725204468, "joy": 0.0006305372808128595, "love": 0.00020292919361963868, "anger": 0.003660250920802355, "fear": 0.0006508285296149552, "surprise": 0.00014612622908316553}}
{"text": "hello", "emotions": {"sadness": 0.012129941955208778, "joy": 0.8144769072532654, "love": 0.012379161082208157, "anger": 0.12703663110733032, "fear": 0.028127839788794518, "surprise": 0.005849518347531557}, "timestamp": 1738568687.541299}
{"text": "I am kind of little bit sad today", "emotions": {"sadness": 0.9987433552742004, "joy": 0.00032324116909876466, "love": 0.00026236852863803506, "anger": 0.00042803146061487496, "fear": 0.0001357107248622924, "surprise": 0.00010733155068010092}, "timestamp": 1738568699.7296336}
{"text": "no of course not", "emotions": {"sadness": 0.018083639442920685, "joy": 0.030736392363905907, "love": 0.0025138254277408123, "anger": 0.9097838401794434, "fear": 0.03701980039477348, "surprise": 0.0018625316442921758}, "timestamp": 1738568711.1067438}
{"text": "Sorry, I couldn't understand that.", "emotions": {"sadness": 0.9947093725204468, "joy": 0.0006305372808128595, "love": 0.00020292919361963868, "anger": 0.003660250920802355, "fear": 0.0006508285296149552, "surprise": 0.00014612622908316553}, "timestamp": 1738568721.852397}
{"text": "hello", "emotions": {"joy": 0.8144769072532654, "anger": 0.12703663110733032, "fear": 0.028127839788794518, "love": 0.012379161082208157, "sadness": 0.012129941955208778, "surprise": 0.005849518347531557}}
{"text": "excellent top talking about", "emotions": {"joy": 0.9966024160385132, "sadness": 0.0009678105707280338, "anger": 0.0008915067883208394, "surprise": 0.0005836160271428525, "love": 0.0005013298941776156, "fear": 0.00045335761387832463}}
{"text": "can you hear me", "emotions": {"joy": 0.8470733165740967, "anger": 0.06172103062272072, "fear": 0.03975752741098404, "sadness": 0.036569975316524506, "love": 0.008889027871191502, "surprise": 0.00598914036527276}}
{"text": "Sorry, I couldn't understand that.", "emotions": {"sadness": 0.9947093725204468, "anger": 0.003660250920802355, "fear": 0.0006508285296149552, "joy": 0.0006305372808128595, "love": 0.00020292919361963868, "surprise": 0.00014612622908316553}}
{"text": "Sorry, I couldn't understand that.", "emotions": {"sadness": 0.9947093725204468, "anger": 0.003660250920802355, "fear": 0.0006508285296149552, "joy": 0.0006305372808128595, "love": 0.00020292919361963868, "surprise": 0.00014612622908316553}}
{"text": "hello", "emotions": {"joy": 0.8144769072532654, "anger": 0.12703663110733032, "fear": 0.028127839788794518, "love": 0.012379161082208157, "sadness": 0.012129941955208778, "surprise": 0.005849518347531557}}
{"text": "can you hear me", "emotions": {"joy": 0.8470733165740967, "anger": 0.06172103062272072, "fear": 0.03975752741098404, "sadness": 0.036569975316524506, "love": 0.008889027871191502, "surprise": 0.00598914036527276}}
{"text": "actually I am talking to you in English", "emotions": {"anger": 0.8376426100730896, "joy": 0.12008296698331833, "fear": 0.027638589963316917, "sadness": 0.010279184207320213, "love": 0.0024917637929320335, "surprise": 0.0018648820696398616}}
{"text": "Sorry, I couldn't understand that.", "emotions": {"sadness": 0.9947093725204468, "anger": 0.003660250920802355, "fear": 0.0006508285296149552, "joy": 0.0006305372808128595, "love": 0.00020292919361963868, "surprise": 0.00014612622908316553}}
{"text": "hello", "emotions": {"joy": 0.8144769072532654, "anger": 0.12703663110733032, "fear": 0.028127839788794518, "love": 0.012379161082208157, "sadness": 0.012129941955208778, "surprise": 0.005849518347531557}}
{"text": "Sorry, I couldn't understand that.", "emotions": {"sadness": 0.9947093725204468, "anger": 0.003660250920802355, "fear": 0.0006508285296149552, "joy": 0.0006305372808128595, "love": 0.00020292919361963868, "surprise": 0.00014612622908316553}}
{"text": "Nenu Telugu lo matladu", "emotions": {"joy": 0.5358096957206726, "anger": 0.29653677344322205, "sadness": 0.10067358613014221, "fear": 0.05196196213364601, "love": 0.009107569232583046, "surprise": 0.005910429172217846}}
{"text": "Sorry, I couldn't understand that.", "emotions": {"sadness": 0.9947093725204468, "anger": 0.003660250920802355, "fear": 0.0006508285296149552, "joy": 0.0006305372808128595, "love": 0.00020292919361963868, "surprise": 0.00014612622908316553}}
{"text": "Sorry, I couldn't understand that.", "emotions": {"sadness": 0.9947093725204468, "anger": 0.003660250920802355, "fear": 0.0006508285296149552, "joy": 0.0006305372808128595, "love": 0.00020292919361963868, "surprise": 0.00014612622908316553}}
